,word,count
1353,purposes,7
1355,continuously,7
1360,liaise,7
1364,evaluate,7
1370,accelerate,7
1372,contributions,7
1376,interface,7
1380,continually,7
1383,let,7
1386,empowering,7
1387,component,7
1389,prove,7
1392,interrogate,7
1395,designers,7
1398,volume,7
1404,gets,7
1405,specialists,7
1408,scrum,7
1409,visualising,7
1417,adherence,7
1423,architectures,7
1425,pipeline,7
1451,copy,7
1453,turning,7
1463,giving,7
1464,unsupervised,7
1470,deliverables,7
1479,complexity,7
1481,reputation,7
1482,a,7
1486,drax,7
1488,tune,7
1507,achieved,6
1508,identification,6
1511,journeys,6
1512,interpreting,6
1521,response,6
1525,inference,6
1529,recommend,6
1536,homeviews,6
1545,sustainable,6
1547,qlik,6
1550,combination,6
1551,obtain,6
1553,executive,6
1556,retain,6
1558,getting,6
1570,wed,6
1577,collected,6
1581,rate,6
1585,tax,6
1609,github,6
1611,rely,6
1614,limitations,6
1621,handling,6
1624,notebooks,6
1634,sessions,6
1650,meticulous,6
1651,predictions,6
1652,are,6
1661,forms,6
1663,ir,6
1669,toolkit,6
1673,inquisitive,6
1674,probability,6
1689,conjunction,5
1705,theoretical,5
1709,steps,5
1716,docker,5
1717,derive,5
1720,stability,5
1743,owner,5
1752,propositions,5
1765,task,5
1768,sophisticated,5
1788,classical,5
1794,potentially,5
1796,records,5
1799,debug,5
1800,athena,5
1804,collate,5
1805,second,5
1812,hsbc,5
1813,integrating,5
1816,multidisciplinary,5
1822,mohhi,5
1824,exchange,5
1829,vulnerable,5
1840,campaign,5
1841,oncology,5
1856,keeping,5
1860,unix,5
1881,interaction,5
1883,experimental,5
1900,optimal,5
1905,veteran,5
1909,pro,5
1926,insightful,5
1929,commentary,5
1931,discriminate,4
1932,transition,4
1936,trees,4
1952,not,4
1960,try,4
1972,productionising,4
1977,experimentation,4
1978,dataset,4
1999,accessible,4
2000,unlock,4
2001,underpinned,4
2003,js,4
2027,workspace,4
2039,can,4
2048,tailoring,4
2065,disrupting,4
2076,produced,4
2087,to,4
2123,visibility,4
2127,functionality,4
2147,perspectives,4
2175,target,4
2188,presented,4
2191,embrace,4
2202,pharma,4
2205,harness,4
2214,substantial,4
2228,ambitions,4
2238,inside,4
2275,effort,3
2282,amrc,3
2286,locate,3
2288,verifying,3
2308,pull,3
2341,colour,3
2346,navigate,3
2347,explanations,3
2351,latency,3
2356,gradient,3
2357,dimension,3
2368,renewables,3
2387,sensitive,3
2388,clinician,3
2391,img,3
2410,monday,3
2411,onboarding,3
2413,as,3
2442,handle,3
2447,therapeutic,3
2466,loop,3
2469,simulation,3
2476,generated,3
2485,iot,3
2487,highlight,3
2503,descriptive,3
2509,promise,3
2519,borders,3
2525,rigour,3
2527,researching,3
2546,establish,3
2554,projections,3
2557,negotiable,3
2562,requested,3
2565,variant,3
2573,semi,3
2576,motor,3
2600,costs,3
2609,consistent,3
2611,sprint,3
2615,hundreds,3
2616,coronavirus,3
2623,commissioning,3
2668,council,3
2670,molecules,3
2672,medicines,3
2678,conversation,3
2688,refine,3
2692,enables,3
2694,validate,3
2711,embedded,3
2716,formulate,3
2718,case,3
2747,surfacing,3
2749,spot,3
2775,hematology,2
2789,advancing,2
2792,collectively,2
2824,intended,2
2836,valid,2
2838,analysed,2
2862,airflow,2
2885,authoritative,2
2931,adapting,2
2938,concurrency,2
2958,chatbots,2
2967,troubleshoot,2
2968,unless,2
2978,mb,2
2986,raised,2
3011,flows,2
3033,crosscare,2
3035,critically,2
3040,ipswich,2
3052,claim,2
3061,costing,2
3062,jenkins,2
3077,leveraged,2
3086,wrap,2
3090,ga,2
3091,assimilating,2
3099,trend,2
3104,bases,2
3112,secondary,2
3118,assure,2
3123,efficacy,2
3124,extension,2
3130,administrative,2
3168,curation,2
3171,specialise,2
3179,assume,2
3183,degradation,2
3186,centred,2
3204,kubernetes,2
3206,warehousing,2
3246,psyons,2
3262,interventions,2
3269,inputs,2
3273,fed,2
3296,quarterly,2
3298,parallelism,2
3304,adaptable,2
3325,pragmatic,2
3329,consumable,2
3336,testability,2
3339,disabilities,2
3346,universe,2
3358,discovering,2
3361,duration,2
3362,sentinel,2
3368,trained,2
3415,connected,2
3420,combatting,2
3457,boosted,2
3475,informative,2
3489,datais,2
3507,dimensionality,2
3514,transactions,2
3518,sentiment,2
3527,configuring,2
3530,intermediary,2
3551,regulators,2
3576,if,2
3584,extracts,2
3585,holding,2
3589,configure,2
3591,heycar,2
3596,vantage,2
3616,individuality,2
3662,stored,2
3669,academically,2
3684,multimodal,1
3811,predicted,1
3814,headcount,1
3824,hdfs,1
3844,possibly,1
3886,slant,1
3895,prescriptive,1
3990,phc,1
4008,downstream,1
4041,evolutionary,1
4084,maximize,1
4100,inquisitiveness,1
4122,zydel,1
4136,pound,1
4167,summaryid,1
4169,leaflet,1
4185,opportunitiesjob,1
4192,reaches,1
4266,northampton,1
4279,detected,1
4284,shell,1
4390,labelled,1
4416,logistic,1
4440,immune,1
4466,performant,1
4495,and,1
4534,disabled,1
4545,optimised,1
4610,defection,1
4643,foreseeable,1
4655,virtually,1
4664,selby,1
4732,rigor,1
4746,statistically,1
4762,oversee,1
4845,contributor,1
4847,vehicles,1
4848,perhaps,1
4865,fa,1
4943,crank,1
4947,inventing,1
4972,indicators,1
4975,associates,1
4984,observed,1
4995,comprising,1
4998,duty,1
5047,maturity,1
5055,constrained,1
5203,proper,1
5249,wilde,1
5253,photographic,1
5265,striving,1
5340,intends,1
5353,disadvantage,1
5359,interpretability,1
5367,bat,1
5408,explosion,1
5473,auditing,1
5520,explored,1
5595,automating,1
5630,postdoctoral,1
5650,octavia,1
5657,jointly,1
5735,ingested,1
5759,bd,1
5767,kibana,1
5827,fidelity,1
5831,tb,1
5848,measures,1
5852,unlabelled,1
5872,artifacts,1
5891,compared,1
5924,bcdepartment,1
5963,complying,1
6000,biologists,1
6087,adjustment,1
6089,unlocking,1
6097,relates,1